WorkerId,na.pct,n,implausible,plausible,<NA>,Answer.English,Answer.country,Answer.profcheck1,Answer.profcheck2,WorkTimeInSeconds,Answer.answer,filler.left,filler.right
A19WXS1CLVLEEX,0,54,2.9444444444444446,6.205882352941177,4,yes,USA,Yes,Yes,550,{},7,1
A1XVEKS9O73ERE,0,54,2.5555555555555554,6.117647058823529,4,yes,USA,Yes,Yes,552,thank you,7,1
A1YH2I4Y2SYAXJ,0.018518518518518517,54,2.3529411764705883,6.676470588235294,4,yes,USA,Yes,Yes,1746,thank you!,7,1
A270HX8LH9LJ8W,0,54,2.8333333333333335,6.617647058823529,4,yes,USA,Yes,Yes,988,{},7,1
A2OR46JV43TOJV,0,54,2.388888888888889,2.911764705882353,4,yes,USA,No,Yes,2960,Nice task and thanks for the opportunity.,7,1
A3R5OJR60C6004,0,54,2.9444444444444446,6.617647058823529,4,yes,USA,Yes,Yes,788,well organized and presented,7,1
A3V2XCDF45VN9X,0,54,1.2222222222222223,5.470588235294118,4,no,OTHER,Yes,Yes,1473,{},7,1
AU2RMH9IZP60M,0,54,2.4444444444444446,5.588235294117647,4,yes,USA,Yes,Yes,2366,Thank you for having me.,7,1
